year,minimum_wage,state
1997,5.25,Alaska
1998,5.65,Alaska
1999,5.65,Alaska
2000,5.65,Alaska
2001,5.65,Alaska
2002,5.65,Alaska
2003,7.15,Alaska
2004,7.15,Alaska
2005,7.15,Alaska
2006,7.15,Alaska
2007,7.15,Alaska
2008,7.15,Alaska
2009,7.15,Alaska
2010,7.75,Alaska
2011,7.75,Alaska
2012,7.75,Alaska
2013,7.75,Alaska
2014,7.75,Alaska
2015,8.75,Alaska
2016,9.75,Alaska
2017,9.8,Alaska
2018,9.84,Alaska
2019,9.89,Alaska
2020,10.19,Alaska
2021,10.34,Alaska
2022,10.34,Alaska
2023,10.85,Alaska
1997,4.75,Alabama
1998,5.15,Alabama
1999,5.15,Alabama
2000,5.15,Alabama
2001,5.15,Alabama
2002,5.15,Alabama
2003,5.15,Alabama
2004,5.15,Alabama
2005,5.15,Alabama
2006,5.15,Alabama
2007,5.15,Alabama
2008,5.85,Alabama
2009,6.55,Alabama
2010,7.25,Alabama
2011,7.25,Alabama
2012,7.25,Alabama
2013,7.25,Alabama
2014,7.25,Alabama
2015,7.25,Alabama
2016,7.25,Alabama
2017,7.25,Alabama
2018,7.25,Alabama
2019,7.25,Alabama
2020,7.25,Alabama
2021,7.25,Alabama
2022,7.25,Alabama
2023,7.25,Alabama
1997,4.25,Arkansas
1998,5.15,Arkansas
1999,5.15,Arkansas
2000,5.15,Arkansas
2001,5.15,Arkansas
2002,5.15,Arkansas
2003,5.15,Arkansas
2004,5.15,Arkansas
2005,5.15,Arkansas
2006,5.15,Arkansas
2007,6.25,Arkansas
2008,6.25,Arkansas
2009,6.25,Arkansas
2010,6.25,Arkansas
2011,6.25,Arkansas
2012,6.25,Arkansas
2013,6.25,Arkansas
2014,6.25,Arkansas
2015,7.5,Arkansas
2016,8,Arkansas
2017,8.5,Arkansas
2018,8.5,Arkansas
2019,9.25,Arkansas
2020,10.00,Arkansas
2021,11.00,Arkansas
2022,11.00,Arkansas
2023,11.00,Arkansas
1997,4.75,Arizona
1998,5.15,Arizona
1999,5.15,Arizona
2000,5.15,Arizona
2001,5.15,Arizona
2002,5.15,Arizona
2003,5.15,Arizona
2004,5.15,Arizona
2005,5.15,Arizona
2006,5.15,Arizona
2007,6.75,Arizona
2008,6.9,Arizona
2009,7.25,Arizona
2010,7.25,Arizona
2011,7.35,Arizona
2012,7.65,Arizona
2013,7.8,Arizona
2014,7.9,Arizona
2015,8.05,Arizona
2016,8.05,Arizona
2017,10,Arizona
2018,10.5,Arizona
2019,11,Arizona
2020,12.00,Arizona
2021,12.15,Arizona
2022,12.80,Arizona
2023,13.85,Arizona
1997,4.75,California
1998,5.15,California
1999,5.15,California
2000,5.75,California
2001,6.25,California
2002,6.75,California
2003,6.75,California
2004,6.75,California
2005,6.75,California
2006,6.75,California
2007,7.5,California
2008,8,California
2009,8,California
2010,8,California
2011,8,California
2012,8,California
2013,8,California
2014,9,California
2015,9,California
2016,10,California
2017,10.5,California
2018,11,California
2019,12.00,California
2020,12.00,California
2021,13.00,California
2022,14.00,California
2023,15.50,California
1997,4.75,Colorado
1998,5.15,Colorado
1999,5.15,Colorado
2000,5.15,Colorado
2001,5.15,Colorado
2002,5.15,Colorado
2003,5.15,Colorado
2004,5.15,Colorado
2005,5.15,Colorado
2006,5.15,Colorado
2007,6.85,Colorado
2008,7.02,Colorado
2009,7.28,Colorado
2010,7.24,Colorado
2011,7.36,Colorado
2012,7.64,Colorado
2013,7.78,Colorado
2014,8,Colorado
2015,8.23,Colorado
2016,8.31,Colorado
2017,9.3,Colorado
2018,10.2,Colorado
2019,11.1,Colorado
2020,12.00,Colorado
2021,12.32,Colorado
2022,12.56,Colorado
2023,13.65,Colorado
1997,4.77,Connecticut
1998,5.18,Connecticut
1999,5.18,Connecticut
2000,6.15,Connecticut
2001,6.4,Connecticut
2002,6.7,Connecticut
2003,6.9,Connecticut
2004,7.1,Connecticut
2005,7.1,Connecticut
2006,7.4,Connecticut
2007,7.65,Connecticut
2008,7.65,Connecticut
2009,8,Connecticut
2010,8.25,Connecticut
2011,8.25,Connecticut
2012,8.25,Connecticut
2013,8.25,Connecticut
2014,8.7,Connecticut
2015,9.15,Connecticut
2016,9.6,Connecticut
2017,10.1,Connecticut
2018,10.1,Connecticut
2019,11.00,Connecticut
2020,12.00,Connecticut
2021,13.00,Connecticut
2022,14.00,Connecticut
2023,14.00,Connecticut
1997,5.75,District of Columbia
1998,6.15,District of Columbia
1999,6.15,District of Columbia
2000,6.15,District of Columbia
2001,6.15,District of Columbia
2002,6.15,District of Columbia
2003,6.15,District of Columbia
2004,6.15,District of Columbia
2005,6.6,District of Columbia
2006,7,District of Columbia
2007,7,District of Columbia
2008,7,District of Columbia
2009,7.55,District of Columbia
2010,8.25,District of Columbia
2011,8.25,District of Columbia
2012,8.25,District of Columbia
2013,8.25,District of Columbia
2014,9.5,District of Columbia
2015,10.5,District of Columbia
2016,11.5,District of Columbia
2017,12.5,District of Columbia
2018,13.25,District of Columbia
2019,14.00,District of Columbia
2020,15.00,District of Columbia
2021,15.20,District of Columbia
2022,16.10,District of Columbia
2023,16.50,District of Columbia
1997,5,Delaware
1998,5.15,Delaware
1999,5.15,Delaware
2000,5.65,Delaware
2001,6.15,Delaware
2002,6.15,Delaware
2003,6.15,Delaware
2004,6.15,Delaware
2005,6.15,Delaware
2006,6.15,Delaware
2007,6.65,Delaware
2008,7.15,Delaware
2009,7.15,Delaware
2010,7.25,Delaware
2011,7.25,Delaware
2012,7.25,Delaware
2013,7.25,Delaware
2014,7.75,Delaware
2015,8.25,Delaware
2016,8.25,Delaware
2017,8.25,Delaware
2018,8.25,Delaware
2019,9.25,Delaware
2020,9.25,Delaware
2021,9.25,Delaware
2022,10.50,Delaware
2023,11.75,Delaware
1997,4.75,Florida
1998,5.15,Florida
1999,5.15,Florida
2000,5.15,Florida
2001,5.15,Florida
2002,5.15,Florida
2003,5.15,Florida
2004,5.15,Florida
2005,5.15,Florida
2006,6.4,Florida
2007,6.67,Florida
2008,6.79,Florida
2009,7.21,Florida
2010,7.25,Florida
2011,7.25,Florida
2012,7.67,Florida
2013,7.79,Florida
2014,7.93,Florida
2015,8.05,Florida
2016,8.05,Florida
2017,8.10,Florida
2018,8.25,Florida
2019,8.46,Florida
2020,8.56,Florida
2021,10.00,Florida
2022,10.00,Florida
2023,11.00,Florida
1997,3.25,Georgia
1998,3.25,Georgia
1999,3.25,Georgia
2000,3.25,Georgia
2001,3.25,Georgia
2002,5.15,Georgia
2003,5.15,Georgia
2004,5.15,Georgia
2005,5.15,Georgia
2006,5.15,Georgia
2007,5.15,Georgia
2008,5.15,Georgia
2009,5.15,Georgia
2010,5.15,Georgia
2011,5.15,Georgia
2012,5.15,Georgia
2013,5.15,Georgia
2014,5.15,Georgia
2015,5.15,Georgia
2016,5.15,Georgia
2017,5.15,Georgia
2018,5.15,Georgia
2019,7.25,Georgia
2020,7.25,Georgia
2021,7.25,Georgia
2022,7.25,Georgia
2023,7.25,Georgia
1997,5.25,Hawaii
1998,5.25,Hawaii
1999,5.25,Hawaii
2000,5.25,Hawaii
2001,5.25,Hawaii
2002,5.75,Hawaii
2003,6.25,Hawaii
2004,6.25,Hawaii
2005,6.25,Hawaii
2006,6.75,Hawaii
2007,7.25,Hawaii
2008,7.25,Hawaii
2009,7.25,Hawaii
2010,7.25,Hawaii
2011,7.25,Hawaii
2012,7.25,Hawaii
2013,7.25,Hawaii
2014,7.25,Hawaii
2015,7.75,Hawaii
2016,8.5,Hawaii
2017,9.25,Hawaii
2018,10.1,Hawaii
2019,10.1,Hawaii
2020,10.10,Hawaii
2021,10.10,Hawaii
2022,12.00,Hawaii
2023,12.00,Hawaii
1997,4.75,Iowa
1998,5.15,Iowa
1999,5.15,Iowa
2000,5.15,Iowa
2001,5.15,Iowa
2002,5.15,Iowa
2003,5.15,Iowa
2004,5.15,Iowa
2005,5.15,Iowa
2006,5.15,Iowa
2007,5.15,Iowa
2008,7.25,Iowa
2009,7.25,Iowa
2010,7.25,Iowa
2011,7.25,Iowa
2012,7.25,Iowa
2013,7.25,Iowa
2014,7.25,Iowa
2015,7.25,Iowa
2016,7.25,Iowa
2017,7.25,Iowa
2018,7.25,Iowa
2019,7.25,Iowa
2020,7.25,Iowa
2021,7.25,Iowa
2022,7.25,Iowa
2023,7.25,Iowa
1997,4.25,Idaho
1998,5.15,Idaho
1999,5.15,Idaho
2000,5.15,Idaho
2001,5.15,Idaho
2002,5.15,Idaho
2003,5.15,Idaho
2004,5.15,Idaho
2005,5.15,Idaho
2006,5.15,Idaho
2007,5.15,Idaho
2008,5.85,Idaho
2009,6.55,Idaho
2010,7.25,Idaho
2011,7.25,Idaho
2012,7.25,Idaho
2013,7.25,Idaho
2014,7.25,Idaho
2015,7.25,Idaho
2016,7.25,Idaho
2017,7.25,Idaho
2018,7.25,Idaho
2019,7.25,Idaho
2020,7.25,Idaho
2021,7.25,Idaho
2022,7.25,Idaho
2023,7.25,Idaho
1997,4.75,Illinois
1998,5.15,Illinois
1999,5.15,Illinois
2000,5.15,Illinois
2001,5.15,Illinois
2002,5.15,Illinois
2003,5.15,Illinois
2004,5.5,Illinois
2005,6.5,Illinois
2006,6.5,Illinois
2007,6.5,Illinois
2008,7.5,Illinois
2009,7.75,Illinois
2010,8,Illinois
2011,8.25,Illinois
2012,8.25,Illinois
2013,8.25,Illinois
2014,8.25,Illinois
2015,8.25,Illinois
2016,8.25,Illinois
2017,8.25,Illinois
2018,8.25,Illinois
2019,8.25,Illinois
2020,10.00,Illinois
2021,11.00,Illinois
2022,12.00,Illinois
2023,13.00,Illinois
1997,3.35,Indiana
1998,3.35,Indiana
1999,3.35,Indiana
2000,5.15,Indiana
2001,5.15,Indiana
2002,5.15,Indiana
2003,5.15,Indiana
2004,5.15,Indiana
2005,5.15,Indiana
2006,5.15,Indiana
2007,5.15,Indiana
2008,5.85,Indiana
2009,6.55,Indiana
2010,7.25,Indiana
2011,7.25,Indiana
2012,7.25,Indiana
2013,7.25,Indiana
2014,7.25,Indiana
2015,7.25,Indiana
2016,7.25,Indiana
2017,7.25,Indiana
2018,7.25,Indiana
2019,7.25,Indiana
2020,7.25,Indiana
2021,7.25,Indiana
2022,7.25,Indiana
2023,7.25,Indiana
1997,2.65,Kansas
1998,2.65,Kansas
1999,2.65,Kansas
2000,2.65,Kansas
2001,2.65,Kansas
2002,2.65,Kansas
2003,2.65,Kansas
2004,2.65,Kansas
2005,2.65,Kansas
2006,2.65,Kansas
2007,2.65,Kansas
2008,2.65,Kansas
2009,2.65,Kansas
2010,7.25,Kansas
2011,7.25,Kansas
2012,7.25,Kansas
2013,7.25,Kansas
2014,7.25,Kansas
2015,7.25,Kansas
2016,7.25,Kansas
2017,7.25,Kansas
2018,7.25,Kansas
2019,7.25,Kansas
2020,7.25,Kansas
2021,7.25,Kansas
2022,7.25,Kansas
2023,7.25,Kansas
1997,4.25,Kentucky
1998,4.25,Kentucky
1999,4.25,Kentucky
2000,5.15,Kentucky
2001,5.15,Kentucky
2002,5.15,Kentucky
2003,5.15,Kentucky
2004,5.15,Kentucky
2005,5.15,Kentucky
2006,5.15,Kentucky
2007,5.15,Kentucky
2008,5.85,Kentucky
2009,6.55,Kentucky
2010,7.25,Kentucky
2011,7.25,Kentucky
2012,7.25,Kentucky
2013,7.25,Kentucky
2014,7.25,Kentucky
2015,7.25,Kentucky
2016,7.25,Kentucky
2017,7.25,Kentucky
2018,7.25,Kentucky
2019,7.25,Kentucky
2020,7.25,Kentucky
2021,7.25,Kentucky
2022,7.25,Kentucky
2023,7.25,Kentucky
1997,4.75,Louisiana
1998,5.15,Louisiana
1999,5.15,Louisiana
2000,5.15,Louisiana
2001,5.15,Louisiana
2002,5.15,Louisiana
2003,5.15,Louisiana
2004,5.15,Louisiana
2005,5.15,Louisiana
2006,5.15,Louisiana
2007,5.15,Louisiana
2008,5.85,Louisiana
2009,6.55,Louisiana
2010,7.25,Louisiana
2011,7.25,Louisiana
2012,7.25,Louisiana
2013,7.25,Louisiana
2014,7.25,Louisiana
2015,7.25,Louisiana
2016,7.25,Louisiana
2017,7.25,Louisiana
2018,7.25,Louisiana
2019,7.25,Louisiana
2020,7.25,Louisiana
2021,7.25,Louisiana
2022,7.25,Louisiana
2023,7.25,Louisiana
1997,5.25,Massachusetts
1998,5.25,Massachusetts
1999,5.25,Massachusetts
2000,6,Massachusetts
2001,6.75,Massachusetts
2002,6.75,Massachusetts
2003,6.75,Massachusetts
2004,6.75,Massachusetts
2005,6.75,Massachusetts
2006,6.75,Massachusetts
2007,7.5,Massachusetts
2008,8,Massachusetts
2009,8,Massachusetts
2010,8,Massachusetts
2011,8,Massachusetts
2012,8,Massachusetts
2013,8,Massachusetts
2014,8,Massachusetts
2015,9,Massachusetts
2016,10,Massachusetts
2017,11,Massachusetts
2018,11,Massachusetts
2019,12,Massachusetts
2020,12.75,Massachusetts
2021,13.50,Massachusetts
2022,14.25,Massachusetts
2023,15.00,Massachusetts
1997,4.75,Maryland
1998,5.15,Maryland
1999,5.15,Maryland
2000,5.15,Maryland
2001,5.15,Maryland
2002,5.15,Maryland
2003,5.15,Maryland
2004,5.15,Maryland
2005,5.15,Maryland
2006,5.15,Maryland
2007,6.15,Maryland
2008,6.15,Maryland
2009,6.55,Maryland
2010,7.25,Maryland
2011,7.25,Maryland
2012,7.25,Maryland
2013,7.25,Maryland
2014,7.25,Maryland
2015,8.25,Maryland
2016,8.75,Maryland
2017,9.25,Maryland
2018,10.1,Maryland
2019,10.1,Maryland
2020,11.00,Maryland
2021,11.75,Maryland
2022,12.50,Maryland
2023,13.25,Maryland
1997,4.75,Maine
1998,5.15,Maine
1999,5.15,Maine
2000,5.15,Maine
2001,5.15,Maine
2002,5.75,Maine
2003,6.25,Maine
2004,6.25,Maine
2005,6.35,Maine
2006,6.5,Maine
2007,6.75,Maine
2008,7,Maine
2009,7.25,Maine
2010,7.5,Maine
2011,7.5,Maine
2012,7.5,Maine
2013,7.5,Maine
2014,7.5,Maine
2015,7.5,Maine
2016,7.5,Maine
2017,9,Maine
2018,10,Maine
2019,11,Maine
2020,12.00,Maine
2021,12.15,Maine
2022,12.75,Maine
2023,13.80,Maine
1997,3.35,Michigan
1998,5.15,Michigan
1999,5.15,Michigan
2000,5.15,Michigan
2001,5.15,Michigan
2002,5.15,Michigan
2003,5.15,Michigan
2004,5.15,Michigan
2005,5.15,Michigan
2006,5.15,Michigan
2007,6.95,Michigan
2008,7.15,Michigan
2009,7.4,Michigan
2010,7.4,Michigan
2011,7.4,Michigan
2012,7.4,Michigan
2013,7.4,Michigan
2014,8.15,Michigan
2015,8.15,Michigan
2016,8.5,Michigan
2017,8.9,Michigan
2018,9.25,Michigan
2019,9.45,Michigan
2020,9.65,Michigan
2021,9.65,Michigan
2022,9.87,Michigan
2023,10.10,Michigan
1997,4.25,Minnesota
1998,5.15,Minnesota
1999,5.15,Minnesota
2000,5.15,Minnesota
2001,5.15,Minnesota
2002,5.15,Minnesota
2003,5.15,Minnesota
2004,5.15,Minnesota
2005,5.15,Minnesota
2006,6.15,Minnesota
2007,6.16,Minnesota
2008,6.16,Minnesota
2009,6.16,Minnesota
2010,6.16,Minnesota
2011,6.16,Minnesota
2012,6.16,Minnesota
2013,6.15,Minnesota
2014,8,Minnesota
2015,9,Minnesota
2016,9.5,Minnesota
2017,9.5,Minnesota
2018,9.65,Minnesota
2019,9.86,Minnesota
2020,10.00,Minnesota
2021,10.08,Minnesota
2022,10.33,Minnesota
2023,10.59,Minnesota
1997,4.75,Missouri
1998,5.15,Missouri
1999,5.15,Missouri
2000,5.15,Missouri
2001,5.15,Missouri
2002,5.15,Missouri
2003,5.15,Missouri
2004,5.15,Missouri
2005,5.15,Missouri
2006,5.15,Missouri
2007,6.5,Missouri
2008,6.65,Missouri
2009,7.05,Missouri
2010,7.25,Missouri
2011,7.25,Missouri
2012,7.25,Missouri
2013,7.35,Missouri
2014,7.5,Missouri
2015,7.65,Missouri
2016,7.65,Missouri
2017,7.70,Missouri
2018,7.85,Missouri
2019,8.6,Missouri
2020,9.45,Missouri
2021,10.30,Missouri
2022,11.15,Missouri
2023,12.00,Missouri
1997,4.75,Mississippi
1998,5.15,Mississippi
1999,5.15,Mississippi
2000,5.15,Mississippi
2001,5.15,Mississippi
2002,5.15,Mississippi
2003,5.15,Mississippi
2004,5.15,Mississippi
2005,5.15,Mississippi
2006,5.15,Mississippi
2007,5.15,Mississippi
2008,5.85,Mississippi
2009,6.55,Mississippi
2010,7.25,Mississippi
2011,7.25,Mississippi
2012,7.25,Mississippi
2013,7.25,Mississippi
2014,7.25,Mississippi
2015,7.25,Mississippi
2016,7.25,Mississippi
2017,7.25,Mississippi
2018,7.25,Mississippi
2019,7.25,Mississippi
2020,7.25,Mississippi
2021,7.25,Mississippi
2022,7.25,Mississippi
2023,7.25,Mississippi
1997,4.75,Montana
1998,5.15,Montana
1999,5.15,Montana
2000,5.15,Montana
2001,5.15,Montana
2002,5.15,Montana
2003,5.15,Montana
2004,5.15,Montana
2005,5.15,Montana
2006,5.15,Montana
2007,6.15,Montana
2008,6.25,Montana
2009,6.9,Montana
2010,7.25,Montana
2011,7.35,Montana
2012,7.65,Montana
2013,7.8,Montana
2014,7.9,Montana
2015,8.05,Montana
2016,8.05,Montana
2017,8.15,Montana
2018,8.3,Montana
2019,8.5,Montana
2020,8.65,Montana
2021,8.75,Montana
2022,9.20,Montana
2023,9.95,Montana
1997,4.25,North Carolina
1998,5.15,North Carolina
1999,5.15,North Carolina
2000,5.15,North Carolina
2001,5.15,North Carolina
2002,5.15,North Carolina
2003,5.15,North Carolina
2004,5.15,North Carolina
2005,5.15,North Carolina
2006,5.15,North Carolina
2007,6.15,North Carolina
2008,6.15,North Carolina
2009,6.55,North Carolina
2010,7.25,North Carolina
2011,7.25,North Carolina
2012,7.25,North Carolina
2013,7.25,North Carolina
2014,7.25,North Carolina
2015,7.25,North Carolina
2016,7.25,North Carolina
2017,7.25,North Carolina
2018,7.25,North Carolina
2019,7.25,North Carolina
2020,7.25,North Carolina
2021,7.25,North Carolina
2022,7.25,North Carolina
2023,7.25,North Carolina
1997,4.75,North Dakota
1998,5.15,North Dakota
1999,5.15,North Dakota
2000,5.15,North Dakota
2001,5.15,North Dakota
2002,5.15,North Dakota
2003,5.15,North Dakota
2004,5.15,North Dakota
2005,5.15,North Dakota
2006,5.15,North Dakota
2007,5.15,North Dakota
2008,5.85,North Dakota
2009,6.55,North Dakota
2010,7.25,North Dakota
2011,7.25,North Dakota
2012,7.25,North Dakota
2013,7.25,North Dakota
2014,7.25,North Dakota
2015,7.25,North Dakota
2016,7.25,North Dakota
2017,7.25,North Dakota
2018,7.25,North Dakota
2019,7.25,North Dakota
2020,7.25,North Dakota
2021,7.25,North Dakota
2022,7.25,North Dakota
2023,7.25,North Dakota
1997,4.25,Nebraska
1998,5.15,Nebraska
1999,5.15,Nebraska
2000,5.15,Nebraska
2001,5.15,Nebraska
2002,5.15,Nebraska
2003,5.15,Nebraska
2004,5.15,Nebraska
2005,5.15,Nebraska
2006,5.15,Nebraska
2007,5.15,Nebraska
2008,5.85,Nebraska
2009,6.55,Nebraska
2010,7.25,Nebraska
2011,7.25,Nebraska
2012,7.25,Nebraska
2013,7.25,Nebraska
2014,7.25,Nebraska
2015,8,Nebraska
2016,9,Nebraska
2017,9,Nebraska
2018,9,Nebraska
2019,9,Nebraska
2020,9.00,Nebraska
2021,9.00,Nebraska
2022,9.00,Nebraska
2023,10.50,Nebraska
1997,4.75,New Hampshire
1998,5.15,New Hampshire
1999,5.15,New Hampshire
2000,5.15,New Hampshire
2001,5.15,New Hampshire
2002,5.15,New Hampshire
2003,5.15,New Hampshire
2004,5.15,New Hampshire
2005,5.15,New Hampshire
2006,5.15,New Hampshire
2007,5.15,New Hampshire
2008,6.5,New Hampshire
2009,7.25,New Hampshire
2010,7.25,New Hampshire
2011,7.25,New Hampshire
2012,7.25,New Hampshire
2013,7.25,New Hampshire
2014,7.25,New Hampshire
2015,7.25,New Hampshire
2016,7.25,New Hampshire
2017,7.25,New Hampshire
2018,7.25,New Hampshire
2019,7.25,New Hampshire
2020,7.25,New Hampshire
2021,7.25,New Hampshire
2022,7.25,New Hampshire
2023,7.25,New Hampshire
1997,5.05,New Jersey
1998,5.05,New Jersey
1999,5.05,New Jersey
2000,5.15,New Jersey
2001,5.15,New Jersey
2002,5.15,New Jersey
2003,5.15,New Jersey
2004,5.15,New Jersey
2005,5.15,New Jersey
2006,6.15,New Jersey
2007,7.15,New Jersey
2008,7.15,New Jersey
2009,7.15,New Jersey
2010,7.25,New Jersey
2011,7.25,New Jersey
2012,7.25,New Jersey
2013,7.25,New Jersey
2014,8.25,New Jersey
2015,8.38,New Jersey
2016,8.38,New Jersey
2017,8.44,New Jersey
2018,8.6,New Jersey
2019,10.00,New Jersey
2020,11.00,New Jersey
2021,12.00,New Jersey
2022,13.00,New Jersey
2023,14.13,New Jersey
1997,4.25,New Mexico
1998,4.25,New Mexico
1999,4.25,New Mexico
2000,4.25,New Mexico
2001,4.25,New Mexico
2002,4.25,New Mexico
2003,4.25,New Mexico
2004,5.15,New Mexico
2005,5.15,New Mexico
2006,5.15,New Mexico
2007,5.15,New Mexico
2008,6.5,New Mexico
2009,7.5,New Mexico
2010,7.5,New Mexico
2011,7.5,New Mexico
2012,7.5,New Mexico
2013,7.5,New Mexico
2014,7.5,New Mexico
2015,7.5,New Mexico
2016,7.5,New Mexico
2017,7.5,New Mexico
2018,7.5,New Mexico
2019,7.5,New Mexico
2020,9.00,New Mexico
2021,10.50,New Mexico
2022,11.50,New Mexico
2023,12.00,New Mexico
1997,4.75,Nevada
1998,5.15,Nevada
1999,5.15,Nevada
2000,5.15,Nevada
2001,5.15,Nevada
2002,5.15,Nevada
2003,5.15,Nevada
2004,5.15,Nevada
2005,5.15,Nevada
2006,5.15,Nevada
2007,6.15,Nevada
2008,6.33,Nevada
2009,6.85,Nevada
2010,7.55,Nevada
2011,8.25,Nevada
2012,8.25,Nevada
2013,8.25,Nevada
2014,8.25,Nevada
2015,8.25,Nevada
2016,8.25,Nevada
2017,8.25,Nevada
2018,8.25,Nevada
2019,8.25,Nevada
2020,9.00,Nevada
2021,9.75,Nevada
2022,9.50,Nevada
2023,9.50,Nevada
1997,4.25,New York
1998,4.25,New York
1999,4.25,New York
2000,4.25,New York
2001,5.15,New York
2002,5.15,New York
2003,5.15,New York
2004,5.15,New York
2005,6,New York
2006,6.75,New York
2007,7.15,New York
2008,7.15,New York
2009,7.15,New York
2010,7.25,New York
2011,7.25,New York
2012,7.25,New York
2013,7.25,New York
2014,8,New York
2015,8.75,New York
2016,9,New York
2017,9.7,New York
2018,10.4,New York
2019,11.1,New York
2020,11.80,New York
2021,12.50,New York
2022,13.20,New York
2023,14.20,New York
1997,4.25,Ohio
1998,4.25,Ohio
1999,4.25,Ohio
2000,4.25,Ohio
2001,4.25,Ohio
2002,4.25,Ohio
2003,4.25,Ohio
2004,4.25,Ohio
2005,4.25,Ohio
2006,4.25,Ohio
2007,6.85,Ohio
2008,7,Ohio
2009,7.3,Ohio
2010,7.3,Ohio
2011,7.4,Ohio
2012,7.7,Ohio
2013,7.85,Ohio
2014,7.95,Ohio
2015,8.1,Ohio
2016,8.1,Ohio
2017,8.15,Ohio
2018,8.3,Ohio
2019,8.55,Ohio
2020,8.70,Ohio
2021,8.80,Ohio
2022,9.30,Ohio
2023,10.10,Ohio
1997,4.75,Oklahoma
1998,5.15,Oklahoma
1999,5.15,Oklahoma
2000,5.15,Oklahoma
2001,5.15,Oklahoma
2002,5.15,Oklahoma
2003,5.15,Oklahoma
2004,5.15,Oklahoma
2005,5.15,Oklahoma
2006,5.15,Oklahoma
2007,5.15,Oklahoma
2008,5.85,Oklahoma
2009,6.55,Oklahoma
2010,7.25,Oklahoma
2011,7.25,Oklahoma
2012,7.25,Oklahoma
2013,7.25,Oklahoma
2014,7.25,Oklahoma
2015,7.25,Oklahoma
2016,7.25,Oklahoma
2017,7.25,Oklahoma
2018,7.25,Oklahoma
2019,7.25,Oklahoma
2020,7.25,Oklahoma
2021,7.25,Oklahoma
2022,7.25,Oklahoma
2023,7.25,Oklahoma
1997,5.5,Oregon
1998,6,Oregon
1999,6,Oregon
2000,6.5,Oregon
2001,6.5,Oregon
2002,6.5,Oregon
2003,6.9,Oregon
2004,7.05,Oregon
2005,7.25,Oregon
2006,7.5,Oregon
2007,7.8,Oregon
2008,7.95,Oregon
2009,8.4,Oregon
2010,8.4,Oregon
2011,8.5,Oregon
2012,8.8,Oregon
2013,8.95,Oregon
2014,9.1,Oregon
2015,9.25,Oregon
2016,9.75,Oregon
2017,10.25,Oregon
2018,10.75,Oregon
2019,11.25,Oregon
2020,12.00,Oregon
2021,12.75,Oregon
2022,13.50,Oregon
2023,13.50,Oregon
1997,4.75,Pennsylvania
1998,5.15,Pennsylvania
1999,5.15,Pennsylvania
2000,5.15,Pennsylvania
2001,5.15,Pennsylvania
2002,5.15,Pennsylvania
2003,5.15,Pennsylvania
2004,5.15,Pennsylvania
2005,5.15,Pennsylvania
2006,5.15,Pennsylvania
2007,6.25,Pennsylvania
2008,7.15,Pennsylvania
2009,7.15,Pennsylvania
2010,7.25,Pennsylvania
2011,7.25,Pennsylvania
2012,7.25,Pennsylvania
2013,7.25,Pennsylvania
2014,7.25,Pennsylvania
2015,7.25,Pennsylvania
2016,7.25,Pennsylvania
2017,7.25,Pennsylvania
2018,7.25,Pennsylvania
2019,7.25,Pennsylvania
2020,7.25,Pennsylvania
2021,7.25,Pennsylvania
2022,7.25,Pennsylvania
2023,7.25,Pennsylvania
1997,5.15,Rhode Island
1998,5.15,Rhode Island
1999,5.15,Rhode Island
2000,5.65,Rhode Island
2001,6.15,Rhode Island
2002,6.15,Rhode Island
2003,6.15,Rhode Island
2004,6.75,Rhode Island
2005,6.75,Rhode Island
2006,6.75,Rhode Island
2007,7.4,Rhode Island
2008,7.4,Rhode Island
2009,7.4,Rhode Island
2010,7.4,Rhode Island
2011,7.4,Rhode Island
2012,7.4,Rhode Island
2013,7.75,Rhode Island
2014,8,Rhode Island
2015,9,Rhode Island
2016,9.6,Rhode Island
2017,9.6,Rhode Island
2018,10.1,Rhode Island
2019,10.5,Rhode Island
2020,10.50,Rhode Island
2021,11.50,Rhode Island
2022,12.25,Rhode Island
2023,13.00,Rhode Island
1997,4.75,South Carolina
1998,5.15,South Carolina
1999,5.15,South Carolina
2000,5.15,South Carolina
2001,5.15,South Carolina
2002,5.15,South Carolina
2003,5.15,South Carolina
2004,5.15,South Carolina
2005,5.15,South Carolina
2006,5.15,South Carolina
2007,5.15,South Carolina
2008,5.85,South Carolina
2009,6.55,South Carolina
2010,7.25,South Carolina
2011,7.25,South Carolina
2012,7.25,South Carolina
2013,7.25,South Carolina
2014,7.25,South Carolina
2015,7.25,South Carolina
2016,7.25,South Carolina
2017,7.25,South Carolina
2018,7.25,South Carolina
2019,7.25,South Carolina
2020,7.25,South Carolina
2021,7.25,South Carolina
2022,7.25,South Carolina
2023,7.25,South Carolina
1997,4.25,South Dakota
1998,5.15,South Dakota
1999,5.15,South Dakota
2000,5.15,South Dakota
2001,5.15,South Dakota
2002,5.15,South Dakota
2003,5.15,South Dakota
2004,5.15,South Dakota
2005,5.15,South Dakota
2006,5.15,South Dakota
2007,5.15,South Dakota
2008,5.85,South Dakota
2009,6.55,South Dakota
2010,7.25,South Dakota
2011,7.25,South Dakota
2012,7.25,South Dakota
2013,7.25,South Dakota
2014,7.25,South Dakota
2015,8.5,South Dakota
2016,8.55,South Dakota
2017,8.65,South Dakota
2018,8.85,South Dakota
2019,9.1,South Dakota
2020,9.30,South Dakota
2021,9.45,South Dakota
2022,9.95,South Dakota
2023,10.80,South Dakota
1997,4.75,Tennessee
1998,5.15,Tennessee
1999,5.15,Tennessee
2000,5.15,Tennessee
2001,5.15,Tennessee
2002,5.15,Tennessee
2003,5.15,Tennessee
2004,5.15,Tennessee
2005,5.15,Tennessee
2006,5.15,Tennessee
2007,5.15,Tennessee
2008,5.85,Tennessee
2009,6.55,Tennessee
2010,7.25,Tennessee
2011,7.25,Tennessee
2012,7.25,Tennessee
2013,7.25,Tennessee
2014,7.25,Tennessee
2015,7.25,Tennessee
2016,7.25,Tennessee
2017,7.25,Tennessee
2018,7.25,Tennessee
2019,7.25,Tennessee
2020,7.25,Tennessee
2021,7.25,Tennessee
2022,7.25,Tennessee
2023,7.25,Tennessee
1997,3.35,Texas
1998,3.35,Texas
1999,3.35,Texas
2000,3.35,Texas
2001,3.35,Texas
2002,5.15,Texas
2003,5.15,Texas
2004,5.15,Texas
2005,5.15,Texas
2006,5.15,Texas
2007,5.15,Texas
2008,5.85,Texas
2009,6.55,Texas
2010,7.25,Texas
2011,7.25,Texas
2012,7.25,Texas
2013,7.25,Texas
2014,7.25,Texas
2015,7.25,Texas
2016,7.25,Texas
2017,7.25,Texas
2018,7.25,Texas
2019,7.25,Texas
2020,7.25,Texas
2021,7.25,Texas
2022,7.25,Texas
2023,7.25,Texas
1997,4.75,Utah
1998,5.15,Utah
1999,5.15,Utah
2000,5.15,Utah
2001,5.15,Utah
2002,5.15,Utah
2003,5.15,Utah
2004,5.15,Utah
2005,5.15,Utah
2006,5.15,Utah
2007,5.15,Utah
2008,5.85,Utah
2009,6.55,Utah
2010,7.25,Utah
2011,7.25,Utah
2012,7.25,Utah
2013,7.25,Utah
2014,7.25,Utah
2015,7.25,Utah
2016,7.25,Utah
2017,7.25,Utah
2018,7.25,Utah
2019,7.25,Utah
2020,7.25,Utah
2021,7.25,Utah
2022,7.25,Utah
2023,7.25,Utah
1997,4.75,Virginia
1998,5.15,Virginia
1999,5.15,Virginia
2000,5.15,Virginia
2001,5.15,Virginia
2002,5.15,Virginia
2003,5.15,Virginia
2004,5.15,Virginia
2005,5.15,Virginia
2006,5.15,Virginia
2007,5.15,Virginia
2008,5.85,Virginia
2009,6.55,Virginia
2010,7.25,Virginia
2011,7.25,Virginia
2012,7.25,Virginia
2013,7.25,Virginia
2014,7.25,Virginia
2015,7.25,Virginia
2016,7.25,Virginia
2017,7.25,Virginia
2018,7.25,Virginia
2019,7.25,Virginia
2020,7.25,Virginia
2021,9.50,Virginia
2022,11.00,Virginia
2023,12.00,Virginia
1997,5,Vermont
1998,5.25,Vermont
1999,5.25,Vermont
2000,5.75,Vermont
2001,6.25,Vermont
2002,6.25,Vermont
2003,6.25,Vermont
2004,6.75,Vermont
2005,7,Vermont
2006,7.25,Vermont
2007,7.53,Vermont
2008,7.68,Vermont
2009,8.06,Vermont
2010,8.06,Vermont
2011,8.15,Vermont
2012,8.46,Vermont
2013,8.6,Vermont
2014,8.73,Vermont
2015,9.15,Vermont
2016,9.6,Vermont
2017,10,Vermont
2018,10.5,Vermont
2019,10.78,Vermont
2020,10.96,Vermont
2021,11.75,Vermont
2022,12.55,Vermont
2023,13.18,Vermont
1997,4.9,Washington
1998,4.9,Washington
1999,4.9,Washington
2000,6.5,Washington
2001,6.72,Washington
2002,6.9,Washington
2003,7.01,Washington
2004,7.16,Washington
2005,7.35,Washington
2006,7.63,Washington
2007,7.93,Washington
2008,8.07,Washington
2009,8.55,Washington
2010,8.55,Washington
2011,8.67,Washington
2012,9.04,Washington
2013,9.19,Washington
2014,9.32,Washington
2015,9.47,Washington
2016,9.47,Washington
2017,11,Washington
2018,11.5,Washington
2019,12,Washington
2020,13.50,Washington
2021,13.69,Washington
2022,14.49,Washington
2023,15.74,Washington
1997,4.75,Wisconsin
1998,5.15,Wisconsin
1999,5.15,Wisconsin
2000,5.15,Wisconsin
2001,5.15,Wisconsin
2002,5.15,Wisconsin
2003,5.15,Wisconsin
2004,5.15,Wisconsin
2005,5.15,Wisconsin
2006,5.7,Wisconsin
2007,6.5,Wisconsin
2008,6.5,Wisconsin
2009,6.5,Wisconsin
2010,7.25,Wisconsin
2011,7.25,Wisconsin
2012,7.25,Wisconsin
2013,7.25,Wisconsin
2014,7.25,Wisconsin
2015,7.25,Wisconsin
2016,7.25,Wisconsin
2017,7.25,Wisconsin
2018,7.25,Wisconsin
2019,7.25,Wisconsin
2020,7.25,Wisconsin
2021,7.25,Wisconsin
2022,7.25,Wisconsin
2023,7.25,Wisconsin
1997,4.25,West Virginia
1998,4.75,West Virginia
1999,4.75,West Virginia
2000,5.15,West Virginia
2001,5.15,West Virginia
2002,5.15,West Virginia
2003,5.15,West Virginia
2004,5.15,West Virginia
2005,5.15,West Virginia
2006,5.15,West Virginia
2007,5.85,West Virginia
2008,6.55,West Virginia
2009,7.25,West Virginia
2010,7.25,West Virginia
2011,7.25,West Virginia
2012,7.25,West Virginia
2013,7.25,West Virginia
2014,7.25,West Virginia
2015,8,West Virginia
2016,8.75,West Virginia
2017,8.75,West Virginia
2018,8.75,West Virginia
2019,8.75,West Virginia
2020,8.75,West Virginia
2021,8.75,West Virginia
2022,8.75,West Virginia
2023,8.75,West Virginia
1997,1.6,Wyoming
1998,1.6,Wyoming
1999,1.6,Wyoming
2000,1.6,Wyoming
2001,1.6,Wyoming
2002,5.15,Wyoming
2003,5.15,Wyoming
2004,5.15,Wyoming
2005,5.15,Wyoming
2006,5.15,Wyoming
2007,5.15,Wyoming
2008,5.15,Wyoming
2009,5.15,Wyoming
2010,5.15,Wyoming
2011,5.15,Wyoming
2012,5.15,Wyoming
2013,5.15,Wyoming
2014,5.15,Wyoming
2015,5.15,Wyoming
2016,5.15,Wyoming
2017,5.15,Wyoming
2018,5.15,Wyoming
2019,7.25,Wyoming
2020,7.25,Wyoming
2021,7.25,Wyoming
2022,7.25,Wyoming
2023,7.25,Wyoming
